"inconsistent-obs","violated-rule"
"http://lod.cedar-project.nl:8888/prices-wages/resource/gambia-wages-prices-welfare-ratio-S1-K19-h","http://lod.cedar-project.nl:8888/linked-edit-rules/resource/priwa1"
"http://lod.cedar-project.nl:8888/prices-wages/resource/gambia-wages-prices-welfare-ratio-S1-K20-h","http://lod.cedar-project.nl:8888/linked-edit-rules/resource/priwa1"
"http://lod.cedar-project.nl:8888/prices-wages/resource/gambia-wages-prices-welfare-ratio-S1-K21-h","http://lod.cedar-project.nl:8888/linked-edit-rules/resource/priwa1"
"http://lod.cedar-project.nl:8888/prices-wages/resource/gambia-wages-prices-welfare-ratio-S1-K22-h","http://lod.cedar-project.nl:8888/linked-edit-rules/resource/priwa1"
"http://lod.cedar-project.nl:8888/prices-wages/resource/gambia-wages-prices-welfare-ratio-S1-K23-h","http://lod.cedar-project.nl:8888/linked-edit-rules/resource/priwa1"
"http://lod.cedar-project.nl:8888/prices-wages/resource/gambia-wages-prices-welfare-ratio-S1-K24-h","http://lod.cedar-project.nl:8888/linked-edit-rules/resource/priwa1"
"http://lod.cedar-project.nl:8888/prices-wages/resource/gambia-wages-prices-welfare-ratio-S1-K25-h","http://lod.cedar-project.nl:8888/linked-edit-rules/resource/priwa1"
"http://lod.cedar-project.nl:8888/prices-wages/resource/gambia-wages-prices-welfare-ratio-S1-K26-h","http://lod.cedar-project.nl:8888/linked-edit-rules/resource/priwa1"
"http://lod.cedar-project.nl:8888/prices-wages/resource/gambia-wages-prices-welfare-ratio-S1-K27-h","http://lod.cedar-project.nl:8888/linked-edit-rules/resource/priwa1"
"http://lod.cedar-project.nl:8888/prices-wages/resource/gambia-wages-prices-welfare-ratio-S1-K28-h","http://lod.cedar-project.nl:8888/linked-edit-rules/resource/priwa1"
"http://lod.cedar-project.nl:8888/prices-wages/resource/gambia-wages-prices-welfare-ratio-S1-K29-h","http://lod.cedar-project.nl:8888/linked-edit-rules/resource/priwa1"
"http://lod.cedar-project.nl:8888/prices-wages/resource/gambia-wages-prices-welfare-ratio-S1-C4-h","http://lod.cedar-project.nl:8888/linked-edit-rules/resource/priwa1"
"http://lod.cedar-project.nl:8888/prices-wages/resource/gambia-wages-prices-welfare-ratio-S1-C44-h","http://lod.cedar-project.nl:8888/linked-edit-rules/resource/priwa1"
"http://lod.cedar-project.nl:8888/prices-wages/resource/gambia-wages-prices-welfare-ratio-S1-I44-h","http://lod.cedar-project.nl:8888/linked-edit-rules/resource/priwa1"
"http://lod.cedar-project.nl:8888/prices-wages/resource/gambia-wages-prices-welfare-ratio-S1-I45-h","http://lod.cedar-project.nl:8888/linked-edit-rules/resource/priwa1"
"http://lod.cedar-project.nl:8888/prices-wages/resource/gambia-wages-prices-welfare-ratio-S1-C46-h","http://lod.cedar-project.nl:8888/linked-edit-rules/resource/priwa1"
"http://lod.cedar-project.nl:8888/prices-wages/resource/gambia-wages-prices-welfare-ratio-S1-I46-h","http://lod.cedar-project.nl:8888/linked-edit-rules/resource/priwa1"
"http://lod.cedar-project.nl:8888/prices-wages/resource/gambia-wages-prices-welfare-ratio-S1-K46-h","http://lod.cedar-project.nl:8888/linked-edit-rules/resource/priwa1"
"http://lod.cedar-project.nl:8888/prices-wages/resource/gambia-wages-prices-welfare-ratio-S1-I47-h","http://lod.cedar-project.nl:8888/linked-edit-rules/resource/priwa1"
"http://lod.cedar-project.nl:8888/prices-wages/resource/gambia-wages-prices-welfare-ratio-S1-C47-h","http://lod.cedar-project.nl:8888/linked-edit-rules/resource/priwa1"
"http://lod.cedar-project.nl:8888/prices-wages/resource/gambia-wages-prices-welfare-ratio-S1-I48-h","http://lod.cedar-project.nl:8888/linked-edit-rules/resource/priwa1"
"http://lod.cedar-project.nl:8888/prices-wages/resource/gambia-wages-prices-welfare-ratio-S1-C48-h","http://lod.cedar-project.nl:8888/linked-edit-rules/resource/priwa1"
"http://lod.cedar-project.nl:8888/prices-wages/resource/gambia-wages-prices-welfare-ratio-S1-K48-h","http://lod.cedar-project.nl:8888/linked-edit-rules/resource/priwa1"
"http://lod.cedar-project.nl:8888/prices-wages/resource/gambia-wages-prices-welfare-ratio-S1-C49-h","http://lod.cedar-project.nl:8888/linked-edit-rules/resource/priwa1"
"http://lod.cedar-project.nl:8888/prices-wages/resource/gambia-wages-prices-welfare-ratio-S1-K49-h","http://lod.cedar-project.nl:8888/linked-edit-rules/resource/priwa1"
"http://lod.cedar-project.nl:8888/prices-wages/resource/gambia-wages-prices-welfare-ratio-S1-I49-h","http://lod.cedar-project.nl:8888/linked-edit-rules/resource/priwa1"
"http://lod.cedar-project.nl:8888/prices-wages/resource/gambia-wages-prices-welfare-ratio-S1-C5-h","http://lod.cedar-project.nl:8888/linked-edit-rules/resource/priwa1"
"http://lod.cedar-project.nl:8888/prices-wages/resource/gambia-wages-prices-welfare-ratio-S1-I50-h","http://lod.cedar-project.nl:8888/linked-edit-rules/resource/priwa1"
"http://lod.cedar-project.nl:8888/prices-wages/resource/gambia-wages-prices-welfare-ratio-S1-K50-h","http://lod.cedar-project.nl:8888/linked-edit-rules/resource/priwa1"
"http://lod.cedar-project.nl:8888/prices-wages/resource/gambia-wages-prices-welfare-ratio-S1-C50-h","http://lod.cedar-project.nl:8888/linked-edit-rules/resource/priwa1"
"http://lod.cedar-project.nl:8888/prices-wages/resource/gambia-wages-prices-welfare-ratio-S1-I51-h","http://lod.cedar-project.nl:8888/linked-edit-rules/resource/priwa1"
"http://lod.cedar-project.nl:8888/prices-wages/resource/gambia-wages-prices-welfare-ratio-S1-C51-h","http://lod.cedar-project.nl:8888/linked-edit-rules/resource/priwa1"
"http://lod.cedar-project.nl:8888/prices-wages/resource/gambia-wages-prices-welfare-ratio-S1-K51-h","http://lod.cedar-project.nl:8888/linked-edit-rules/resource/priwa1"
"http://lod.cedar-project.nl:8888/prices-wages/resource/gambia-wages-prices-welfare-ratio-S1-I52-h","http://lod.cedar-project.nl:8888/linked-edit-rules/resource/priwa1"
"http://lod.cedar-project.nl:8888/prices-wages/resource/gambia-wages-prices-welfare-ratio-S1-K52-h","http://lod.cedar-project.nl:8888/linked-edit-rules/resource/priwa1"
"http://lod.cedar-project.nl:8888/prices-wages/resource/gambia-wages-prices-welfare-ratio-S1-C52-h","http://lod.cedar-project.nl:8888/linked-edit-rules/resource/priwa1"
"http://lod.cedar-project.nl:8888/prices-wages/resource/gambia-wages-prices-welfare-ratio-S1-K53-h","http://lod.cedar-project.nl:8888/linked-edit-rules/resource/priwa1"
"http://lod.cedar-project.nl:8888/prices-wages/resource/gambia-wages-prices-welfare-ratio-S1-C53-h","http://lod.cedar-project.nl:8888/linked-edit-rules/resource/priwa1"
"http://lod.cedar-project.nl:8888/prices-wages/resource/gambia-wages-prices-welfare-ratio-S1-K54-h","http://lod.cedar-project.nl:8888/linked-edit-rules/resource/priwa1"
"http://lod.cedar-project.nl:8888/prices-wages/resource/gambia-wages-prices-welfare-ratio-S1-I54-h","http://lod.cedar-project.nl:8888/linked-edit-rules/resource/priwa1"
"http://lod.cedar-project.nl:8888/prices-wages/resource/gambia-wages-prices-welfare-ratio-S1-I55-h","http://lod.cedar-project.nl:8888/linked-edit-rules/resource/priwa1"
"http://lod.cedar-project.nl:8888/prices-wages/resource/gambia-wages-prices-welfare-ratio-S1-K55-h","http://lod.cedar-project.nl:8888/linked-edit-rules/resource/priwa1"
"http://lod.cedar-project.nl:8888/prices-wages/resource/gambia-wages-prices-welfare-ratio-S1-K56-h","http://lod.cedar-project.nl:8888/linked-edit-rules/resource/priwa1"
"http://lod.cedar-project.nl:8888/prices-wages/resource/gambia-wages-prices-welfare-ratio-S1-I56-h","http://lod.cedar-project.nl:8888/linked-edit-rules/resource/priwa1"
"http://lod.cedar-project.nl:8888/prices-wages/resource/gambia-wages-prices-welfare-ratio-S1-K57-h","http://lod.cedar-project.nl:8888/linked-edit-rules/resource/priwa1"
"http://lod.cedar-project.nl:8888/prices-wages/resource/gambia-wages-prices-welfare-ratio-S1-I58-h","http://lod.cedar-project.nl:8888/linked-edit-rules/resource/priwa1"
"http://lod.cedar-project.nl:8888/prices-wages/resource/gambia-wages-prices-welfare-ratio-S1-K59-h","http://lod.cedar-project.nl:8888/linked-edit-rules/resource/priwa1"
"http://lod.cedar-project.nl:8888/prices-wages/resource/gambia-wages-prices-welfare-ratio-S1-C6-h","http://lod.cedar-project.nl:8888/linked-edit-rules/resource/priwa1"
"http://lod.cedar-project.nl:8888/prices-wages/resource/gambia-wages-prices-welfare-ratio-S1-I6-h","http://lod.cedar-project.nl:8888/linked-edit-rules/resource/priwa1"
"http://lod.cedar-project.nl:8888/prices-wages/resource/gambia-wages-prices-welfare-ratio-S1-K60-h","http://lod.cedar-project.nl:8888/linked-edit-rules/resource/priwa1"
"http://lod.cedar-project.nl:8888/prices-wages/resource/gambia-wages-prices-welfare-ratio-S1-K61-h","http://lod.cedar-project.nl:8888/linked-edit-rules/resource/priwa1"
"http://lod.cedar-project.nl:8888/prices-wages/resource/gambia-wages-prices-welfare-ratio-S1-I61-h","http://lod.cedar-project.nl:8888/linked-edit-rules/resource/priwa1"
"http://lod.cedar-project.nl:8888/prices-wages/resource/gambia-wages-prices-welfare-ratio-S1-K62-h","http://lod.cedar-project.nl:8888/linked-edit-rules/resource/priwa1"
"http://lod.cedar-project.nl:8888/prices-wages/resource/gambia-wages-prices-welfare-ratio-S1-I62-h","http://lod.cedar-project.nl:8888/linked-edit-rules/resource/priwa1"
"http://lod.cedar-project.nl:8888/prices-wages/resource/gambia-wages-prices-welfare-ratio-S1-I63-h","http://lod.cedar-project.nl:8888/linked-edit-rules/resource/priwa1"
"http://lod.cedar-project.nl:8888/prices-wages/resource/gambia-wages-prices-welfare-ratio-S1-K63-h","http://lod.cedar-project.nl:8888/linked-edit-rules/resource/priwa1"
"http://lod.cedar-project.nl:8888/prices-wages/resource/gambia-wages-prices-welfare-ratio-S1-K64-h","http://lod.cedar-project.nl:8888/linked-edit-rules/resource/priwa1"
"http://lod.cedar-project.nl:8888/prices-wages/resource/gambia-wages-prices-welfare-ratio-S1-K65-h","http://lod.cedar-project.nl:8888/linked-edit-rules/resource/priwa1"
"http://lod.cedar-project.nl:8888/prices-wages/resource/gambia-wages-prices-welfare-ratio-S1-C66-h","http://lod.cedar-project.nl:8888/linked-edit-rules/resource/priwa1"
"http://lod.cedar-project.nl:8888/prices-wages/resource/gambia-wages-prices-welfare-ratio-S1-I66-h","http://lod.cedar-project.nl:8888/linked-edit-rules/resource/priwa1"
"http://lod.cedar-project.nl:8888/prices-wages/resource/gambia-wages-prices-welfare-ratio-S1-I67-h","http://lod.cedar-project.nl:8888/linked-edit-rules/resource/priwa1"
"http://lod.cedar-project.nl:8888/prices-wages/resource/gambia-wages-prices-welfare-ratio-S1-K67-h","http://lod.cedar-project.nl:8888/linked-edit-rules/resource/priwa1"
"http://lod.cedar-project.nl:8888/prices-wages/resource/gambia-wages-prices-welfare-ratio-S1-C67-h","http://lod.cedar-project.nl:8888/linked-edit-rules/resource/priwa1"
"http://lod.cedar-project.nl:8888/prices-wages/resource/gambia-wages-prices-welfare-ratio-S1-I68-h","http://lod.cedar-project.nl:8888/linked-edit-rules/resource/priwa1"
"http://lod.cedar-project.nl:8888/prices-wages/resource/gambia-wages-prices-welfare-ratio-S1-E68-h","http://lod.cedar-project.nl:8888/linked-edit-rules/resource/priwa1"
"http://lod.cedar-project.nl:8888/prices-wages/resource/gambia-wages-prices-welfare-ratio-S1-K68-h","http://lod.cedar-project.nl:8888/linked-edit-rules/resource/priwa1"
"http://lod.cedar-project.nl:8888/prices-wages/resource/gambia-wages-prices-welfare-ratio-S1-C68-h","http://lod.cedar-project.nl:8888/linked-edit-rules/resource/priwa1"
"http://lod.cedar-project.nl:8888/prices-wages/resource/gambia-wages-prices-welfare-ratio-S1-E69-h","http://lod.cedar-project.nl:8888/linked-edit-rules/resource/priwa1"
"http://lod.cedar-project.nl:8888/prices-wages/resource/gambia-wages-prices-welfare-ratio-S1-K69-h","http://lod.cedar-project.nl:8888/linked-edit-rules/resource/priwa1"
"http://lod.cedar-project.nl:8888/prices-wages/resource/gambia-wages-prices-welfare-ratio-S1-C69-h","http://lod.cedar-project.nl:8888/linked-edit-rules/resource/priwa1"
"http://lod.cedar-project.nl:8888/prices-wages/resource/gambia-wages-prices-welfare-ratio-S1-I69-h","http://lod.cedar-project.nl:8888/linked-edit-rules/resource/priwa1"
"http://lod.cedar-project.nl:8888/prices-wages/resource/gambia-wages-prices-welfare-ratio-S1-C7-h","http://lod.cedar-project.nl:8888/linked-edit-rules/resource/priwa1"
"http://lod.cedar-project.nl:8888/prices-wages/resource/gambia-wages-prices-welfare-ratio-S1-K7-h","http://lod.cedar-project.nl:8888/linked-edit-rules/resource/priwa1"
"http://lod.cedar-project.nl:8888/prices-wages/resource/gambia-wages-prices-welfare-ratio-S1-I7-h","http://lod.cedar-project.nl:8888/linked-edit-rules/resource/priwa1"
"http://lod.cedar-project.nl:8888/prices-wages/resource/gambia-wages-prices-welfare-ratio-S1-K70-h","http://lod.cedar-project.nl:8888/linked-edit-rules/resource/priwa1"
"http://lod.cedar-project.nl:8888/prices-wages/resource/gambia-wages-prices-welfare-ratio-S1-C74-h","http://lod.cedar-project.nl:8888/linked-edit-rules/resource/priwa1"
"http://lod.cedar-project.nl:8888/prices-wages/resource/gambia-wages-prices-welfare-ratio-S1-I75-h","http://lod.cedar-project.nl:8888/linked-edit-rules/resource/priwa1"
"http://lod.cedar-project.nl:8888/prices-wages/resource/gambia-wages-prices-welfare-ratio-S1-C75-h","http://lod.cedar-project.nl:8888/linked-edit-rules/resource/priwa1"
"http://lod.cedar-project.nl:8888/prices-wages/resource/gambia-wages-prices-welfare-ratio-S1-I76-h","http://lod.cedar-project.nl:8888/linked-edit-rules/resource/priwa1"
"http://lod.cedar-project.nl:8888/prices-wages/resource/gambia-wages-prices-welfare-ratio-S1-I77-h","http://lod.cedar-project.nl:8888/linked-edit-rules/resource/priwa1"
"http://lod.cedar-project.nl:8888/prices-wages/resource/gambia-wages-prices-welfare-ratio-S1-K8-h","http://lod.cedar-project.nl:8888/linked-edit-rules/resource/priwa1"
"http://lod.cedar-project.nl:8888/prices-wages/resource/gambia-wages-prices-welfare-ratio-S1-K9-h","http://lod.cedar-project.nl:8888/linked-edit-rules/resource/priwa1"
"http://lod.cedar-project.nl:8888/prices-wages/resource/gambia-wages-prices-welfare-ratio-S1-AH10-h","http://lod.cedar-project.nl:8888/linked-edit-rules/resource/priwa1"
"http://lod.cedar-project.nl:8888/prices-wages/resource/gambia-wages-prices-welfare-ratio-S1-AF10-h","http://lod.cedar-project.nl:8888/linked-edit-rules/resource/priwa1"
"http://lod.cedar-project.nl:8888/prices-wages/resource/gambia-wages-prices-welfare-ratio-S1-AH14-h","http://lod.cedar-project.nl:8888/linked-edit-rules/resource/priwa1"
"http://lod.cedar-project.nl:8888/prices-wages/resource/gambia-wages-prices-welfare-ratio-S1-AF27-h","http://lod.cedar-project.nl:8888/linked-edit-rules/resource/priwa1"
"http://lod.cedar-project.nl:8888/prices-wages/resource/gambia-wages-prices-welfare-ratio-S1-AF28-h","http://lod.cedar-project.nl:8888/linked-edit-rules/resource/priwa1"
"http://lod.cedar-project.nl:8888/prices-wages/resource/gambia-wages-prices-welfare-ratio-S1-AF4-h","http://lod.cedar-project.nl:8888/linked-edit-rules/resource/priwa1"
"http://lod.cedar-project.nl:8888/prices-wages/resource/gambia-wages-prices-welfare-ratio-S1-V44-h","http://lod.cedar-project.nl:8888/linked-edit-rules/resource/priwa1"
"http://lod.cedar-project.nl:8888/prices-wages/resource/gambia-wages-prices-welfare-ratio-S1-V45-h","http://lod.cedar-project.nl:8888/linked-edit-rules/resource/priwa1"
"http://lod.cedar-project.nl:8888/prices-wages/resource/gambia-wages-prices-welfare-ratio-S1-N45-h","http://lod.cedar-project.nl:8888/linked-edit-rules/resource/priwa1"
"http://lod.cedar-project.nl:8888/prices-wages/resource/gambia-wages-prices-welfare-ratio-S1-N46-h","http://lod.cedar-project.nl:8888/linked-edit-rules/resource/priwa1"
"http://lod.cedar-project.nl:8888/prices-wages/resource/gambia-wages-prices-welfare-ratio-S1-AH46-h","http://lod.cedar-project.nl:8888/linked-edit-rules/resource/priwa1"
"http://lod.cedar-project.nl:8888/prices-wages/resource/gambia-wages-prices-welfare-ratio-S1-AF47-h","http://lod.cedar-project.nl:8888/linked-edit-rules/resource/priwa1"
"http://lod.cedar-project.nl:8888/prices-wages/resource/gambia-wages-prices-welfare-ratio-S1-N47-h","http://lod.cedar-project.nl:8888/linked-edit-rules/resource/priwa1"
"http://lod.cedar-project.nl:8888/prices-wages/resource/gambia-wages-prices-welfare-ratio-S1-N48-h","http://lod.cedar-project.nl:8888/linked-edit-rules/resource/priwa1"
"http://lod.cedar-project.nl:8888/prices-wages/resource/gambia-wages-prices-welfare-ratio-S1-N49-h","http://lod.cedar-project.nl:8888/linked-edit-rules/resource/priwa1"
"http://lod.cedar-project.nl:8888/prices-wages/resource/gambia-wages-prices-welfare-ratio-S1-N50-h","http://lod.cedar-project.nl:8888/linked-edit-rules/resource/priwa1"
"http://lod.cedar-project.nl:8888/prices-wages/resource/gambia-wages-prices-welfare-ratio-S1-N51-h","http://lod.cedar-project.nl:8888/linked-edit-rules/resource/priwa1"
"http://lod.cedar-project.nl:8888/prices-wages/resource/gambia-wages-prices-welfare-ratio-S1-N52-h","http://lod.cedar-project.nl:8888/linked-edit-rules/resource/priwa1"
"http://lod.cedar-project.nl:8888/prices-wages/resource/gambia-wages-prices-welfare-ratio-S1-N53-h","http://lod.cedar-project.nl:8888/linked-edit-rules/resource/priwa1"
"http://lod.cedar-project.nl:8888/prices-wages/resource/gambia-wages-prices-welfare-ratio-S1-N54-h","http://lod.cedar-project.nl:8888/linked-edit-rules/resource/priwa1"
"http://lod.cedar-project.nl:8888/prices-wages/resource/gambia-wages-prices-welfare-ratio-S1-N55-h","http://lod.cedar-project.nl:8888/linked-edit-rules/resource/priwa1"
"http://lod.cedar-project.nl:8888/prices-wages/resource/gambia-wages-prices-welfare-ratio-S1-N56-h","http://lod.cedar-project.nl:8888/linked-edit-rules/resource/priwa1"
"http://lod.cedar-project.nl:8888/prices-wages/resource/gambia-wages-prices-welfare-ratio-S1-N57-h","http://lod.cedar-project.nl:8888/linked-edit-rules/resource/priwa1"
"http://lod.cedar-project.nl:8888/prices-wages/resource/gambia-wages-prices-welfare-ratio-S1-N58-h","http://lod.cedar-project.nl:8888/linked-edit-rules/resource/priwa1"
"http://lod.cedar-project.nl:8888/prices-wages/resource/gambia-wages-prices-welfare-ratio-S1-AF6-h","http://lod.cedar-project.nl:8888/linked-edit-rules/resource/priwa1"
"http://lod.cedar-project.nl:8888/prices-wages/resource/gambia-wages-prices-welfare-ratio-S1-AF61-h","http://lod.cedar-project.nl:8888/linked-edit-rules/resource/priwa1"
"http://lod.cedar-project.nl:8888/prices-wages/resource/gambia-wages-prices-welfare-ratio-S1-AH63-h","http://lod.cedar-project.nl:8888/linked-edit-rules/resource/priwa1"
"http://lod.cedar-project.nl:8888/prices-wages/resource/gambia-wages-prices-welfare-ratio-S1-Q64-h","http://lod.cedar-project.nl:8888/linked-edit-rules/resource/priwa1"
"http://lod.cedar-project.nl:8888/prices-wages/resource/gambia-wages-prices-welfare-ratio-S1-N65-h","http://lod.cedar-project.nl:8888/linked-edit-rules/resource/priwa1"
"http://lod.cedar-project.nl:8888/prices-wages/resource/gambia-wages-prices-welfare-ratio-S1-Q66-h","http://lod.cedar-project.nl:8888/linked-edit-rules/resource/priwa1"
"http://lod.cedar-project.nl:8888/prices-wages/resource/gambia-wages-prices-welfare-ratio-S1-N66-h","http://lod.cedar-project.nl:8888/linked-edit-rules/resource/priwa1"
"http://lod.cedar-project.nl:8888/prices-wages/resource/gambia-wages-prices-welfare-ratio-S1-Q67-h","http://lod.cedar-project.nl:8888/linked-edit-rules/resource/priwa1"
"http://lod.cedar-project.nl:8888/prices-wages/resource/gambia-wages-prices-welfare-ratio-S1-N67-h","http://lod.cedar-project.nl:8888/linked-edit-rules/resource/priwa1"
"http://lod.cedar-project.nl:8888/prices-wages/resource/gambia-wages-prices-welfare-ratio-S1-N68-h","http://lod.cedar-project.nl:8888/linked-edit-rules/resource/priwa1"
"http://lod.cedar-project.nl:8888/prices-wages/resource/gambia-wages-prices-welfare-ratio-S1-Q68-h","http://lod.cedar-project.nl:8888/linked-edit-rules/resource/priwa1"
"http://lod.cedar-project.nl:8888/prices-wages/resource/gambia-wages-prices-welfare-ratio-S1-N69-h","http://lod.cedar-project.nl:8888/linked-edit-rules/resource/priwa1"
"http://lod.cedar-project.nl:8888/prices-wages/resource/gambia-wages-prices-welfare-ratio-S1-Q69-h","http://lod.cedar-project.nl:8888/linked-edit-rules/resource/priwa1"
"http://lod.cedar-project.nl:8888/prices-wages/resource/gambia-wages-prices-welfare-ratio-S1-AF70-h","http://lod.cedar-project.nl:8888/linked-edit-rules/resource/priwa1"
"http://lod.cedar-project.nl:8888/prices-wages/resource/gambia-wages-prices-welfare-ratio-S1-Q70-h","http://lod.cedar-project.nl:8888/linked-edit-rules/resource/priwa1"
"http://lod.cedar-project.nl:8888/prices-wages/resource/gambia-wages-prices-welfare-ratio-S1-Q71-h","http://lod.cedar-project.nl:8888/linked-edit-rules/resource/priwa1"
"http://lod.cedar-project.nl:8888/prices-wages/resource/gambia-wages-prices-welfare-ratio-S1-Q72-h","http://lod.cedar-project.nl:8888/linked-edit-rules/resource/priwa1"
"http://lod.cedar-project.nl:8888/prices-wages/resource/gambia-wages-prices-welfare-ratio-S1-Q73-h","http://lod.cedar-project.nl:8888/linked-edit-rules/resource/priwa1"
"http://lod.cedar-project.nl:8888/prices-wages/resource/gambia-wages-prices-welfare-ratio-S1-Q74-h","http://lod.cedar-project.nl:8888/linked-edit-rules/resource/priwa1"
"http://lod.cedar-project.nl:8888/prices-wages/resource/gambia-wages-prices-welfare-ratio-S1-AF75-h","http://lod.cedar-project.nl:8888/linked-edit-rules/resource/priwa1"
"http://lod.cedar-project.nl:8888/prices-wages/resource/gambia-wages-prices-welfare-ratio-S1-Q75-h","http://lod.cedar-project.nl:8888/linked-edit-rules/resource/priwa1"
"http://lod.cedar-project.nl:8888/prices-wages/resource/gambia-wages-prices-welfare-ratio-S1-AE75-h","http://lod.cedar-project.nl:8888/linked-edit-rules/resource/priwa1"
"http://lod.cedar-project.nl:8888/prices-wages/resource/gambia-wages-prices-welfare-ratio-S1-Q76-h","http://lod.cedar-project.nl:8888/linked-edit-rules/resource/priwa1"
"http://lod.cedar-project.nl:8888/prices-wages/resource/gambia-wages-prices-welfare-ratio-S1-Q77-h","http://lod.cedar-project.nl:8888/linked-edit-rules/resource/priwa1"
"http://lod.cedar-project.nl:8888/prices-wages/resource/gambia-wages-prices-welfare-ratio-S1-Q78-h","http://lod.cedar-project.nl:8888/linked-edit-rules/resource/priwa1"
"http://lod.cedar-project.nl:8888/prices-wages/resource/gambia-wages-prices-welfare-ratio-S1-Q79-h","http://lod.cedar-project.nl:8888/linked-edit-rules/resource/priwa1"
"http://lod.cedar-project.nl:8888/prices-wages/resource/gambia-wages-prices-welfare-ratio-S1-AE8-h","http://lod.cedar-project.nl:8888/linked-edit-rules/resource/priwa1"
"http://lod.cedar-project.nl:8888/prices-wages/resource/gambia-wages-prices-welfare-ratio-S1-Q80-h","http://lod.cedar-project.nl:8888/linked-edit-rules/resource/priwa1"
"http://lod.cedar-project.nl:8888/prices-wages/resource/gambia-wages-prices-welfare-ratio-S1-Q81-h","http://lod.cedar-project.nl:8888/linked-edit-rules/resource/priwa1"
"http://lod.cedar-project.nl:8888/prices-wages/resource/gambia-wages-prices-welfare-ratio-S1-Q82-h","http://lod.cedar-project.nl:8888/linked-edit-rules/resource/priwa1"
"http://lod.cedar-project.nl:8888/prices-wages/resource/gambia-wages-prices-welfare-ratio-S1-AF83-h","http://lod.cedar-project.nl:8888/linked-edit-rules/resource/priwa1"
"http://lod.cedar-project.nl:8888/prices-wages/resource/gambia-wages-prices-welfare-ratio-S1-Q83-h","http://lod.cedar-project.nl:8888/linked-edit-rules/resource/priwa1"
"http://lod.cedar-project.nl:8888/prices-wages/resource/gambia-wages-prices-welfare-ratio-S1-Q84-h","http://lod.cedar-project.nl:8888/linked-edit-rules/resource/priwa1"
"http://lod.cedar-project.nl:8888/prices-wages/resource/gambia-wages-prices-welfare-ratio-S1-X10-h","http://lod.cedar-project.nl:8888/linked-edit-rules/resource/priwa1"
"http://lod.cedar-project.nl:8888/prices-wages/resource/gambia-wages-prices-welfare-ratio-S1-G10-h","http://lod.cedar-project.nl:8888/linked-edit-rules/resource/priwa1"
"http://lod.cedar-project.nl:8888/prices-wages/resource/gambia-wages-prices-welfare-ratio-S1-W10-h","http://lod.cedar-project.nl:8888/linked-edit-rules/resource/priwa1"
"http://lod.cedar-project.nl:8888/prices-wages/resource/gambia-wages-prices-welfare-ratio-S1-X11-h","http://lod.cedar-project.nl:8888/linked-edit-rules/resource/priwa1"
"http://lod.cedar-project.nl:8888/prices-wages/resource/gambia-wages-prices-welfare-ratio-S1-G11-h","http://lod.cedar-project.nl:8888/linked-edit-rules/resource/priwa1"
"http://lod.cedar-project.nl:8888/prices-wages/resource/gambia-wages-prices-welfare-ratio-S1-W11-h","http://lod.cedar-project.nl:8888/linked-edit-rules/resource/priwa1"
"http://lod.cedar-project.nl:8888/prices-wages/resource/gambia-wages-prices-welfare-ratio-S1-W12-h","http://lod.cedar-project.nl:8888/linked-edit-rules/resource/priwa1"
"http://lod.cedar-project.nl:8888/prices-wages/resource/gambia-wages-prices-welfare-ratio-S1-G12-h","http://lod.cedar-project.nl:8888/linked-edit-rules/resource/priwa1"
"http://lod.cedar-project.nl:8888/prices-wages/resource/gambia-wages-prices-welfare-ratio-S1-X12-h","http://lod.cedar-project.nl:8888/linked-edit-rules/resource/priwa1"
"http://lod.cedar-project.nl:8888/prices-wages/resource/gambia-wages-prices-welfare-ratio-S1-X13-h","http://lod.cedar-project.nl:8888/linked-edit-rules/resource/priwa1"
"http://lod.cedar-project.nl:8888/prices-wages/resource/gambia-wages-prices-welfare-ratio-S1-W13-h","http://lod.cedar-project.nl:8888/linked-edit-rules/resource/priwa1"
"http://lod.cedar-project.nl:8888/prices-wages/resource/gambia-wages-prices-welfare-ratio-S1-G13-h","http://lod.cedar-project.nl:8888/linked-edit-rules/resource/priwa1"
"http://lod.cedar-project.nl:8888/prices-wages/resource/gambia-wages-prices-welfare-ratio-S1-W14-h","http://lod.cedar-project.nl:8888/linked-edit-rules/resource/priwa1"
"http://lod.cedar-project.nl:8888/prices-wages/resource/gambia-wages-prices-welfare-ratio-S1-G14-h","http://lod.cedar-project.nl:8888/linked-edit-rules/resource/priwa1"
"http://lod.cedar-project.nl:8888/prices-wages/resource/gambia-wages-prices-welfare-ratio-S1-X14-h","http://lod.cedar-project.nl:8888/linked-edit-rules/resource/priwa1"
"http://lod.cedar-project.nl:8888/prices-wages/resource/gambia-wages-prices-welfare-ratio-S1-G15-h","http://lod.cedar-project.nl:8888/linked-edit-rules/resource/priwa1"
"http://lod.cedar-project.nl:8888/prices-wages/resource/gambia-wages-prices-welfare-ratio-S1-W15-h","http://lod.cedar-project.nl:8888/linked-edit-rules/resource/priwa1"
"http://lod.cedar-project.nl:8888/prices-wages/resource/gambia-wages-prices-welfare-ratio-S1-X15-h","http://lod.cedar-project.nl:8888/linked-edit-rules/resource/priwa1"
"http://lod.cedar-project.nl:8888/prices-wages/resource/gambia-wages-prices-welfare-ratio-S1-X16-h","http://lod.cedar-project.nl:8888/linked-edit-rules/resource/priwa1"
"http://lod.cedar-project.nl:8888/prices-wages/resource/gambia-wages-prices-welfare-ratio-S1-W16-h","http://lod.cedar-project.nl:8888/linked-edit-rules/resource/priwa1"
"http://lod.cedar-project.nl:8888/prices-wages/resource/gambia-wages-prices-welfare-ratio-S1-W17-h","http://lod.cedar-project.nl:8888/linked-edit-rules/resource/priwa1"
"http://lod.cedar-project.nl:8888/prices-wages/resource/gambia-wages-prices-welfare-ratio-S1-AE18-h","http://lod.cedar-project.nl:8888/linked-edit-rules/resource/priwa1"
"http://lod.cedar-project.nl:8888/prices-wages/resource/gambia-wages-prices-welfare-ratio-S1-W18-h","http://lod.cedar-project.nl:8888/linked-edit-rules/resource/priwa1"
"http://lod.cedar-project.nl:8888/prices-wages/resource/gambia-wages-prices-welfare-ratio-S1-AE19-h","http://lod.cedar-project.nl:8888/linked-edit-rules/resource/priwa1"
"http://lod.cedar-project.nl:8888/prices-wages/resource/gambia-wages-prices-welfare-ratio-S1-W19-h","http://lod.cedar-project.nl:8888/linked-edit-rules/resource/priwa1"
"http://lod.cedar-project.nl:8888/prices-wages/resource/gambia-wages-prices-welfare-ratio-S1-AC20-h","http://lod.cedar-project.nl:8888/linked-edit-rules/resource/priwa1"
"http://lod.cedar-project.nl:8888/prices-wages/resource/gambia-wages-prices-welfare-ratio-S1-W20-h","http://lod.cedar-project.nl:8888/linked-edit-rules/resource/priwa1"
"http://lod.cedar-project.nl:8888/prices-wages/resource/gambia-wages-prices-welfare-ratio-S1-AC21-h","http://lod.cedar-project.nl:8888/linked-edit-rules/resource/priwa1"
"http://lod.cedar-project.nl:8888/prices-wages/resource/gambia-wages-prices-welfare-ratio-S1-W21-h","http://lod.cedar-project.nl:8888/linked-edit-rules/resource/priwa1"
"http://lod.cedar-project.nl:8888/prices-wages/resource/gambia-wages-prices-welfare-ratio-S1-W22-h","http://lod.cedar-project.nl:8888/linked-edit-rules/resource/priwa1"
"http://lod.cedar-project.nl:8888/prices-wages/resource/gambia-wages-prices-welfare-ratio-S1-W23-h","http://lod.cedar-project.nl:8888/linked-edit-rules/resource/priwa1"
"http://lod.cedar-project.nl:8888/prices-wages/resource/gambia-wages-prices-welfare-ratio-S1-W24-h","http://lod.cedar-project.nl:8888/linked-edit-rules/resource/priwa1"
"http://lod.cedar-project.nl:8888/prices-wages/resource/gambia-wages-prices-welfare-ratio-S1-W25-h","http://lod.cedar-project.nl:8888/linked-edit-rules/resource/priwa1"
"http://lod.cedar-project.nl:8888/prices-wages/resource/gambia-wages-prices-welfare-ratio-S1-W26-h","http://lod.cedar-project.nl:8888/linked-edit-rules/resource/priwa1"
"http://lod.cedar-project.nl:8888/prices-wages/resource/gambia-wages-prices-welfare-ratio-S1-W27-h","http://lod.cedar-project.nl:8888/linked-edit-rules/resource/priwa1"
"http://lod.cedar-project.nl:8888/prices-wages/resource/gambia-wages-prices-welfare-ratio-S1-AE28-h","http://lod.cedar-project.nl:8888/linked-edit-rules/resource/priwa1"
"http://lod.cedar-project.nl:8888/prices-wages/resource/gambia-wages-prices-welfare-ratio-S1-W28-h","http://lod.cedar-project.nl:8888/linked-edit-rules/resource/priwa1"
"http://lod.cedar-project.nl:8888/prices-wages/resource/gambia-wages-prices-welfare-ratio-S1-V46-h","http://lod.cedar-project.nl:8888/linked-edit-rules/resource/priwa1"
"http://lod.cedar-project.nl:8888/prices-wages/resource/gambia-wages-prices-welfare-ratio-S1-AE47-h","http://lod.cedar-project.nl:8888/linked-edit-rules/resource/priwa1"
"http://lod.cedar-project.nl:8888/prices-wages/resource/gambia-wages-prices-welfare-ratio-S1-V49-h","http://lod.cedar-project.nl:8888/linked-edit-rules/resource/priwa1"
"http://lod.cedar-project.nl:8888/prices-wages/resource/gambia-wages-prices-welfare-ratio-S1-X49-h","http://lod.cedar-project.nl:8888/linked-edit-rules/resource/priwa1"
"http://lod.cedar-project.nl:8888/prices-wages/resource/gambia-wages-prices-welfare-ratio-S1-W50-h","http://lod.cedar-project.nl:8888/linked-edit-rules/resource/priwa1"
"http://lod.cedar-project.nl:8888/prices-wages/resource/gambia-wages-prices-welfare-ratio-S1-V50-h","http://lod.cedar-project.nl:8888/linked-edit-rules/resource/priwa1"
"http://lod.cedar-project.nl:8888/prices-wages/resource/gambia-wages-prices-welfare-ratio-S1-V51-h","http://lod.cedar-project.nl:8888/linked-edit-rules/resource/priwa1"
"http://lod.cedar-project.nl:8888/prices-wages/resource/gambia-wages-prices-welfare-ratio-S1-X51-h","http://lod.cedar-project.nl:8888/linked-edit-rules/resource/priwa1"
"http://lod.cedar-project.nl:8888/prices-wages/resource/gambia-wages-prices-welfare-ratio-S1-V52-h","http://lod.cedar-project.nl:8888/linked-edit-rules/resource/priwa1"
"http://lod.cedar-project.nl:8888/prices-wages/resource/gambia-wages-prices-welfare-ratio-S1-V54-h","http://lod.cedar-project.nl:8888/linked-edit-rules/resource/priwa1"
"http://lod.cedar-project.nl:8888/prices-wages/resource/gambia-wages-prices-welfare-ratio-S1-W59-h","http://lod.cedar-project.nl:8888/linked-edit-rules/resource/priwa1"
"http://lod.cedar-project.nl:8888/prices-wages/resource/gambia-wages-prices-welfare-ratio-S1-W60-h","http://lod.cedar-project.nl:8888/linked-edit-rules/resource/priwa1"
"http://lod.cedar-project.nl:8888/prices-wages/resource/gambia-wages-prices-welfare-ratio-S1-AC63-h","http://lod.cedar-project.nl:8888/linked-edit-rules/resource/priwa1"
"http://lod.cedar-project.nl:8888/prices-wages/resource/gambia-wages-prices-welfare-ratio-S1-W67-h","http://lod.cedar-project.nl:8888/linked-edit-rules/resource/priwa1"
"http://lod.cedar-project.nl:8888/prices-wages/resource/gambia-wages-prices-welfare-ratio-S1-V67-h","http://lod.cedar-project.nl:8888/linked-edit-rules/resource/priwa1"
"http://lod.cedar-project.nl:8888/prices-wages/resource/gambia-wages-prices-welfare-ratio-S1-AC68-h","http://lod.cedar-project.nl:8888/linked-edit-rules/resource/priwa1"
"http://lod.cedar-project.nl:8888/prices-wages/resource/gambia-wages-prices-welfare-ratio-S1-V68-h","http://lod.cedar-project.nl:8888/linked-edit-rules/resource/priwa1"
"http://lod.cedar-project.nl:8888/prices-wages/resource/gambia-wages-prices-welfare-ratio-S1-AC72-h","http://lod.cedar-project.nl:8888/linked-edit-rules/resource/priwa1"
"http://lod.cedar-project.nl:8888/prices-wages/resource/gambia-wages-prices-welfare-ratio-S1-W75-h","http://lod.cedar-project.nl:8888/linked-edit-rules/resource/priwa1"
"http://lod.cedar-project.nl:8888/prices-wages/resource/gambia-wages-prices-welfare-ratio-S1-V76-h","http://lod.cedar-project.nl:8888/linked-edit-rules/resource/priwa1"
"http://lod.cedar-project.nl:8888/prices-wages/resource/gambia-wages-prices-welfare-ratio-S1-V77-h","http://lod.cedar-project.nl:8888/linked-edit-rules/resource/priwa1"
"http://lod.cedar-project.nl:8888/prices-wages/resource/gambia-wages-prices-welfare-ratio-S1-W8-h","http://lod.cedar-project.nl:8888/linked-edit-rules/resource/priwa1"
"http://lod.cedar-project.nl:8888/prices-wages/resource/gambia-wages-prices-welfare-ratio-S1-AB82-h","http://lod.cedar-project.nl:8888/linked-edit-rules/resource/priwa1"
"http://lod.cedar-project.nl:8888/prices-wages/resource/gambia-wages-prices-welfare-ratio-S1-AC86-h","http://lod.cedar-project.nl:8888/linked-edit-rules/resource/priwa1"
"http://lod.cedar-project.nl:8888/prices-wages/resource/gambia-wages-prices-welfare-ratio-S1-AC88-h","http://lod.cedar-project.nl:8888/linked-edit-rules/resource/priwa1"
"http://lod.cedar-project.nl:8888/prices-wages/resource/gambia-wages-prices-welfare-ratio-S1-W9-h","http://lod.cedar-project.nl:8888/linked-edit-rules/resource/priwa1"
"http://lod.cedar-project.nl:8888/prices-wages/resource/gambia-wages-prices-welfare-ratio-S1-H10-h","http://lod.cedar-project.nl:8888/linked-edit-rules/resource/priwa1"
"http://lod.cedar-project.nl:8888/prices-wages/resource/gambia-wages-prices-welfare-ratio-S1-H11-h","http://lod.cedar-project.nl:8888/linked-edit-rules/resource/priwa1"
"http://lod.cedar-project.nl:8888/prices-wages/resource/gambia-wages-prices-welfare-ratio-S1-H12-h","http://lod.cedar-project.nl:8888/linked-edit-rules/resource/priwa1"
"http://lod.cedar-project.nl:8888/prices-wages/resource/gambia-wages-prices-welfare-ratio-S1-H13-h","http://lod.cedar-project.nl:8888/linked-edit-rules/resource/priwa1"
"http://lod.cedar-project.nl:8888/prices-wages/resource/gambia-wages-prices-welfare-ratio-S1-H14-h","http://lod.cedar-project.nl:8888/linked-edit-rules/resource/priwa1"
"http://lod.cedar-project.nl:8888/prices-wages/resource/gambia-wages-prices-welfare-ratio-S1-H15-h","http://lod.cedar-project.nl:8888/linked-edit-rules/resource/priwa1"
"http://lod.cedar-project.nl:8888/prices-wages/resource/gambia-wages-prices-welfare-ratio-S1-G16-h","http://lod.cedar-project.nl:8888/linked-edit-rules/resource/priwa1"
"http://lod.cedar-project.nl:8888/prices-wages/resource/gambia-wages-prices-welfare-ratio-S1-H16-h","http://lod.cedar-project.nl:8888/linked-edit-rules/resource/priwa1"
"http://lod.cedar-project.nl:8888/prices-wages/resource/gambia-wages-prices-welfare-ratio-S1-G17-h","http://lod.cedar-project.nl:8888/linked-edit-rules/resource/priwa1"
"http://lod.cedar-project.nl:8888/prices-wages/resource/gambia-wages-prices-welfare-ratio-S1-H17-h","http://lod.cedar-project.nl:8888/linked-edit-rules/resource/priwa1"
"http://lod.cedar-project.nl:8888/prices-wages/resource/gambia-wages-prices-welfare-ratio-S1-H18-h","http://lod.cedar-project.nl:8888/linked-edit-rules/resource/priwa1"
"http://lod.cedar-project.nl:8888/prices-wages/resource/gambia-wages-prices-welfare-ratio-S1-G18-h","http://lod.cedar-project.nl:8888/linked-edit-rules/resource/priwa1"
"http://lod.cedar-project.nl:8888/prices-wages/resource/gambia-wages-prices-welfare-ratio-S1-H19-h","http://lod.cedar-project.nl:8888/linked-edit-rules/resource/priwa1"
"http://lod.cedar-project.nl:8888/prices-wages/resource/gambia-wages-prices-welfare-ratio-S1-G19-h","http://lod.cedar-project.nl:8888/linked-edit-rules/resource/priwa1"
"http://lod.cedar-project.nl:8888/prices-wages/resource/gambia-wages-prices-welfare-ratio-S1-H20-h","http://lod.cedar-project.nl:8888/linked-edit-rules/resource/priwa1"
"http://lod.cedar-project.nl:8888/prices-wages/resource/gambia-wages-prices-welfare-ratio-S1-G20-h","http://lod.cedar-project.nl:8888/linked-edit-rules/resource/priwa1"
"http://lod.cedar-project.nl:8888/prices-wages/resource/gambia-wages-prices-welfare-ratio-S1-H21-h","http://lod.cedar-project.nl:8888/linked-edit-rules/resource/priwa1"
"http://lod.cedar-project.nl:8888/prices-wages/resource/gambia-wages-prices-welfare-ratio-S1-G21-h","http://lod.cedar-project.nl:8888/linked-edit-rules/resource/priwa1"
"http://lod.cedar-project.nl:8888/prices-wages/resource/gambia-wages-prices-welfare-ratio-S1-G22-h","http://lod.cedar-project.nl:8888/linked-edit-rules/resource/priwa1"
"http://lod.cedar-project.nl:8888/prices-wages/resource/gambia-wages-prices-welfare-ratio-S1-H22-h","http://lod.cedar-project.nl:8888/linked-edit-rules/resource/priwa1"
"http://lod.cedar-project.nl:8888/prices-wages/resource/gambia-wages-prices-welfare-ratio-S1-H23-h","http://lod.cedar-project.nl:8888/linked-edit-rules/resource/priwa1"
"http://lod.cedar-project.nl:8888/prices-wages/resource/gambia-wages-prices-welfare-ratio-S1-G23-h","http://lod.cedar-project.nl:8888/linked-edit-rules/resource/priwa1"
"http://lod.cedar-project.nl:8888/prices-wages/resource/gambia-wages-prices-welfare-ratio-S1-H24-h","http://lod.cedar-project.nl:8888/linked-edit-rules/resource/priwa1"
"http://lod.cedar-project.nl:8888/prices-wages/resource/gambia-wages-prices-welfare-ratio-S1-G24-h","http://lod.cedar-project.nl:8888/linked-edit-rules/resource/priwa1"
"http://lod.cedar-project.nl:8888/prices-wages/resource/gambia-wages-prices-welfare-ratio-S1-H25-h","http://lod.cedar-project.nl:8888/linked-edit-rules/resource/priwa1"
"http://lod.cedar-project.nl:8888/prices-wages/resource/gambia-wages-prices-welfare-ratio-S1-G25-h","http://lod.cedar-project.nl:8888/linked-edit-rules/resource/priwa1"
"http://lod.cedar-project.nl:8888/prices-wages/resource/gambia-wages-prices-welfare-ratio-S1-G26-h","http://lod.cedar-project.nl:8888/linked-edit-rules/resource/priwa1"
"http://lod.cedar-project.nl:8888/prices-wages/resource/gambia-wages-prices-welfare-ratio-S1-H26-h","http://lod.cedar-project.nl:8888/linked-edit-rules/resource/priwa1"
"http://lod.cedar-project.nl:8888/prices-wages/resource/gambia-wages-prices-welfare-ratio-S1-H27-h","http://lod.cedar-project.nl:8888/linked-edit-rules/resource/priwa1"
"http://lod.cedar-project.nl:8888/prices-wages/resource/gambia-wages-prices-welfare-ratio-S1-G27-h","http://lod.cedar-project.nl:8888/linked-edit-rules/resource/priwa1"
"http://lod.cedar-project.nl:8888/prices-wages/resource/gambia-wages-prices-welfare-ratio-S1-G28-h","http://lod.cedar-project.nl:8888/linked-edit-rules/resource/priwa1"
"http://lod.cedar-project.nl:8888/prices-wages/resource/gambia-wages-prices-welfare-ratio-S1-H28-h","http://lod.cedar-project.nl:8888/linked-edit-rules/resource/priwa1"
"http://lod.cedar-project.nl:8888/prices-wages/resource/gambia-wages-prices-welfare-ratio-S1-H4-h","http://lod.cedar-project.nl:8888/linked-edit-rules/resource/priwa1"
"http://lod.cedar-project.nl:8888/prices-wages/resource/gambia-wages-prices-welfare-ratio-S1-Z42-h","http://lod.cedar-project.nl:8888/linked-edit-rules/resource/priwa1"
"http://lod.cedar-project.nl:8888/prices-wages/resource/gambia-wages-prices-welfare-ratio-S1-H44-h","http://lod.cedar-project.nl:8888/linked-edit-rules/resource/priwa1"
"http://lod.cedar-project.nl:8888/prices-wages/resource/gambia-wages-prices-welfare-ratio-S1-G44-h","http://lod.cedar-project.nl:8888/linked-edit-rules/resource/priwa1"
"http://lod.cedar-project.nl:8888/prices-wages/resource/gambia-wages-prices-welfare-ratio-S1-G45-h","http://lod.cedar-project.nl:8888/linked-edit-rules/resource/priwa1"
"http://lod.cedar-project.nl:8888/prices-wages/resource/gambia-wages-prices-welfare-ratio-S1-H45-h","http://lod.cedar-project.nl:8888/linked-edit-rules/resource/priwa1"
"http://lod.cedar-project.nl:8888/prices-wages/resource/gambia-wages-prices-welfare-ratio-S1-G46-h","http://lod.cedar-project.nl:8888/linked-edit-rules/resource/priwa1"
"http://lod.cedar-project.nl:8888/prices-wages/resource/gambia-wages-prices-welfare-ratio-S1-H46-h","http://lod.cedar-project.nl:8888/linked-edit-rules/resource/priwa1"
"http://lod.cedar-project.nl:8888/prices-wages/resource/gambia-wages-prices-welfare-ratio-S1-G47-h","http://lod.cedar-project.nl:8888/linked-edit-rules/resource/priwa1"
"http://lod.cedar-project.nl:8888/prices-wages/resource/gambia-wages-prices-welfare-ratio-S1-H47-h","http://lod.cedar-project.nl:8888/linked-edit-rules/resource/priwa1"
"http://lod.cedar-project.nl:8888/prices-wages/resource/gambia-wages-prices-welfare-ratio-S1-G48-h","http://lod.cedar-project.nl:8888/linked-edit-rules/resource/priwa1"
"http://lod.cedar-project.nl:8888/prices-wages/resource/gambia-wages-prices-welfare-ratio-S1-H48-h","http://lod.cedar-project.nl:8888/linked-edit-rules/resource/priwa1"
"http://lod.cedar-project.nl:8888/prices-wages/resource/gambia-wages-prices-welfare-ratio-S1-H49-h","http://lod.cedar-project.nl:8888/linked-edit-rules/resource/priwa1"
"http://lod.cedar-project.nl:8888/prices-wages/resource/gambia-wages-prices-welfare-ratio-S1-G49-h","http://lod.cedar-project.nl:8888/linked-edit-rules/resource/priwa1"
"http://lod.cedar-project.nl:8888/prices-wages/resource/gambia-wages-prices-welfare-ratio-S1-H5-h","http://lod.cedar-project.nl:8888/linked-edit-rules/resource/priwa1"
"http://lod.cedar-project.nl:8888/prices-wages/resource/gambia-wages-prices-welfare-ratio-S1-H50-h","http://lod.cedar-project.nl:8888/linked-edit-rules/resource/priwa1"
"http://lod.cedar-project.nl:8888/prices-wages/resource/gambia-wages-prices-welfare-ratio-S1-G50-h","http://lod.cedar-project.nl:8888/linked-edit-rules/resource/priwa1"
"http://lod.cedar-project.nl:8888/prices-wages/resource/gambia-wages-prices-welfare-ratio-S1-H51-h","http://lod.cedar-project.nl:8888/linked-edit-rules/resource/priwa1"
"http://lod.cedar-project.nl:8888/prices-wages/resource/gambia-wages-prices-welfare-ratio-S1-G51-h","http://lod.cedar-project.nl:8888/linked-edit-rules/resource/priwa1"
"http://lod.cedar-project.nl:8888/prices-wages/resource/gambia-wages-prices-welfare-ratio-S1-G52-h","http://lod.cedar-project.nl:8888/linked-edit-rules/resource/priwa1"
"http://lod.cedar-project.nl:8888/prices-wages/resource/gambia-wages-prices-welfare-ratio-S1-H52-h","http://lod.cedar-project.nl:8888/linked-edit-rules/resource/priwa1"
"http://lod.cedar-project.nl:8888/prices-wages/resource/gambia-wages-prices-welfare-ratio-S1-H53-h","http://lod.cedar-project.nl:8888/linked-edit-rules/resource/priwa1"
"http://lod.cedar-project.nl:8888/prices-wages/resource/gambia-wages-prices-welfare-ratio-S1-G53-h","http://lod.cedar-project.nl:8888/linked-edit-rules/resource/priwa1"
"http://lod.cedar-project.nl:8888/prices-wages/resource/gambia-wages-prices-welfare-ratio-S1-H54-h","http://lod.cedar-project.nl:8888/linked-edit-rules/resource/priwa1"
"http://lod.cedar-project.nl:8888/prices-wages/resource/gambia-wages-prices-welfare-ratio-S1-G54-h","http://lod.cedar-project.nl:8888/linked-edit-rules/resource/priwa1"
"http://lod.cedar-project.nl:8888/prices-wages/resource/gambia-wages-prices-welfare-ratio-S1-G55-h","http://lod.cedar-project.nl:8888/linked-edit-rules/resource/priwa1"
"http://lod.cedar-project.nl:8888/prices-wages/resource/gambia-wages-prices-welfare-ratio-S1-H55-h","http://lod.cedar-project.nl:8888/linked-edit-rules/resource/priwa1"
"http://lod.cedar-project.nl:8888/prices-wages/resource/gambia-wages-prices-welfare-ratio-S1-H56-h","http://lod.cedar-project.nl:8888/linked-edit-rules/resource/priwa1"
"http://lod.cedar-project.nl:8888/prices-wages/resource/gambia-wages-prices-welfare-ratio-S1-G56-h","http://lod.cedar-project.nl:8888/linked-edit-rules/resource/priwa1"
"http://lod.cedar-project.nl:8888/prices-wages/resource/gambia-wages-prices-welfare-ratio-S1-G58-h","http://lod.cedar-project.nl:8888/linked-edit-rules/resource/priwa1"
"http://lod.cedar-project.nl:8888/prices-wages/resource/gambia-wages-prices-welfare-ratio-S1-H58-h","http://lod.cedar-project.nl:8888/linked-edit-rules/resource/priwa1"
"http://lod.cedar-project.nl:8888/prices-wages/resource/gambia-wages-prices-welfare-ratio-S1-H59-h","http://lod.cedar-project.nl:8888/linked-edit-rules/resource/priwa1"
"http://lod.cedar-project.nl:8888/prices-wages/resource/gambia-wages-prices-welfare-ratio-S1-G59-h","http://lod.cedar-project.nl:8888/linked-edit-rules/resource/priwa1"
"http://lod.cedar-project.nl:8888/prices-wages/resource/gambia-wages-prices-welfare-ratio-S1-H6-h","http://lod.cedar-project.nl:8888/linked-edit-rules/resource/priwa1"
"http://lod.cedar-project.nl:8888/prices-wages/resource/gambia-wages-prices-welfare-ratio-S1-G60-h","http://lod.cedar-project.nl:8888/linked-edit-rules/resource/priwa1"
"http://lod.cedar-project.nl:8888/prices-wages/resource/gambia-wages-prices-welfare-ratio-S1-H60-h","http://lod.cedar-project.nl:8888/linked-edit-rules/resource/priwa1"
"http://lod.cedar-project.nl:8888/prices-wages/resource/gambia-wages-prices-welfare-ratio-S1-G61-h","http://lod.cedar-project.nl:8888/linked-edit-rules/resource/priwa1"
"http://lod.cedar-project.nl:8888/prices-wages/resource/gambia-wages-prices-welfare-ratio-S1-H61-h","http://lod.cedar-project.nl:8888/linked-edit-rules/resource/priwa1"
"http://lod.cedar-project.nl:8888/prices-wages/resource/gambia-wages-prices-welfare-ratio-S1-H62-h","http://lod.cedar-project.nl:8888/linked-edit-rules/resource/priwa1"
"http://lod.cedar-project.nl:8888/prices-wages/resource/gambia-wages-prices-welfare-ratio-S1-G62-h","http://lod.cedar-project.nl:8888/linked-edit-rules/resource/priwa1"
"http://lod.cedar-project.nl:8888/prices-wages/resource/gambia-wages-prices-welfare-ratio-S1-H63-h","http://lod.cedar-project.nl:8888/linked-edit-rules/resource/priwa1"
"http://lod.cedar-project.nl:8888/prices-wages/resource/gambia-wages-prices-welfare-ratio-S1-G63-h","http://lod.cedar-project.nl:8888/linked-edit-rules/resource/priwa1"
"http://lod.cedar-project.nl:8888/prices-wages/resource/gambia-wages-prices-welfare-ratio-S1-G64-h","http://lod.cedar-project.nl:8888/linked-edit-rules/resource/priwa1"
"http://lod.cedar-project.nl:8888/prices-wages/resource/gambia-wages-prices-welfare-ratio-S1-H64-h","http://lod.cedar-project.nl:8888/linked-edit-rules/resource/priwa1"
"http://lod.cedar-project.nl:8888/prices-wages/resource/gambia-wages-prices-welfare-ratio-S1-G66-h","http://lod.cedar-project.nl:8888/linked-edit-rules/resource/priwa1"
"http://lod.cedar-project.nl:8888/prices-wages/resource/gambia-wages-prices-welfare-ratio-S1-H66-h","http://lod.cedar-project.nl:8888/linked-edit-rules/resource/priwa1"
"http://lod.cedar-project.nl:8888/prices-wages/resource/gambia-wages-prices-welfare-ratio-S1-H67-h","http://lod.cedar-project.nl:8888/linked-edit-rules/resource/priwa1"
"http://lod.cedar-project.nl:8888/prices-wages/resource/gambia-wages-prices-welfare-ratio-S1-G67-h","http://lod.cedar-project.nl:8888/linked-edit-rules/resource/priwa1"
"http://lod.cedar-project.nl:8888/prices-wages/resource/gambia-wages-prices-welfare-ratio-S1-H68-h","http://lod.cedar-project.nl:8888/linked-edit-rules/resource/priwa1"
"http://lod.cedar-project.nl:8888/prices-wages/resource/gambia-wages-prices-welfare-ratio-S1-G68-h","http://lod.cedar-project.nl:8888/linked-edit-rules/resource/priwa1"
"http://lod.cedar-project.nl:8888/prices-wages/resource/gambia-wages-prices-welfare-ratio-S1-G69-h","http://lod.cedar-project.nl:8888/linked-edit-rules/resource/priwa1"
"http://lod.cedar-project.nl:8888/prices-wages/resource/gambia-wages-prices-welfare-ratio-S1-H69-h","http://lod.cedar-project.nl:8888/linked-edit-rules/resource/priwa1"
"http://lod.cedar-project.nl:8888/prices-wages/resource/gambia-wages-prices-welfare-ratio-S1-H7-h","http://lod.cedar-project.nl:8888/linked-edit-rules/resource/priwa1"
"http://lod.cedar-project.nl:8888/prices-wages/resource/gambia-wages-prices-welfare-ratio-S1-G74-h","http://lod.cedar-project.nl:8888/linked-edit-rules/resource/priwa1"
"http://lod.cedar-project.nl:8888/prices-wages/resource/gambia-wages-prices-welfare-ratio-S1-G75-h","http://lod.cedar-project.nl:8888/linked-edit-rules/resource/priwa1"
"http://lod.cedar-project.nl:8888/prices-wages/resource/gambia-wages-prices-welfare-ratio-S1-G76-h","http://lod.cedar-project.nl:8888/linked-edit-rules/resource/priwa1"
"http://lod.cedar-project.nl:8888/prices-wages/resource/gambia-wages-prices-welfare-ratio-S1-G77-h","http://lod.cedar-project.nl:8888/linked-edit-rules/resource/priwa1"
"http://lod.cedar-project.nl:8888/prices-wages/resource/gambia-wages-prices-welfare-ratio-S1-G8-h","http://lod.cedar-project.nl:8888/linked-edit-rules/resource/priwa1"
"http://lod.cedar-project.nl:8888/prices-wages/resource/gambia-wages-prices-welfare-ratio-S1-G9-h","http://lod.cedar-project.nl:8888/linked-edit-rules/resource/priwa1"
"http://lod.cedar-project.nl:8888/prices-wages/resource/gambia-wages-prices-welfare-ratio-S1-AI14-h","http://lod.cedar-project.nl:8888/linked-edit-rules/resource/priwa1"
"http://lod.cedar-project.nl:8888/prices-wages/resource/gambia-wages-prices-welfare-ratio-S1-AA28-h","http://lod.cedar-project.nl:8888/linked-edit-rules/resource/priwa1"
"http://lod.cedar-project.nl:8888/prices-wages/resource/gambia-wages-prices-welfare-ratio-S1-AB4-h","http://lod.cedar-project.nl:8888/linked-edit-rules/resource/priwa1"
"http://lod.cedar-project.nl:8888/prices-wages/resource/gambia-wages-prices-welfare-ratio-S1-AB49-h","http://lod.cedar-project.nl:8888/linked-edit-rules/resource/priwa1"
"http://lod.cedar-project.nl:8888/prices-wages/resource/gambia-wages-prices-welfare-ratio-S1-AI51-h","http://lod.cedar-project.nl:8888/linked-edit-rules/resource/priwa1"
"http://lod.cedar-project.nl:8888/prices-wages/resource/gambia-wages-prices-welfare-ratio-S1-B52-h","http://lod.cedar-project.nl:8888/linked-edit-rules/resource/priwa1"
"http://lod.cedar-project.nl:8888/prices-wages/resource/gambia-wages-prices-welfare-ratio-S1-B53-h","http://lod.cedar-project.nl:8888/linked-edit-rules/resource/priwa1"
"http://lod.cedar-project.nl:8888/prices-wages/resource/gambia-wages-prices-welfare-ratio-S1-AI60-h","http://lod.cedar-project.nl:8888/linked-edit-rules/resource/priwa1"
"http://lod.cedar-project.nl:8888/prices-wages/resource/gambia-wages-prices-welfare-ratio-S1-AB68-h","http://lod.cedar-project.nl:8888/linked-edit-rules/resource/priwa1"
"http://lod.cedar-project.nl:8888/prices-wages/resource/gambia-wages-prices-welfare-ratio-S1-AB69-h","http://lod.cedar-project.nl:8888/linked-edit-rules/resource/priwa1"
"http://lod.cedar-project.nl:8888/prices-wages/resource/gambia-wages-prices-welfare-ratio-S1-AB70-h","http://lod.cedar-project.nl:8888/linked-edit-rules/resource/priwa1"
"http://lod.cedar-project.nl:8888/prices-wages/resource/gambia-wages-prices-welfare-ratio-S1-R74-h","http://lod.cedar-project.nl:8888/linked-edit-rules/resource/priwa1"
"http://lod.cedar-project.nl:8888/prices-wages/resource/gambia-wages-prices-welfare-ratio-S1-AA74-h","http://lod.cedar-project.nl:8888/linked-edit-rules/resource/priwa1"
"http://lod.cedar-project.nl:8888/prices-wages/resource/gambia-wages-prices-welfare-ratio-S1-AA75-h","http://lod.cedar-project.nl:8888/linked-edit-rules/resource/priwa1"
"http://lod.cedar-project.nl:8888/prices-wages/resource/gambia-wages-prices-welfare-ratio-S1-R75-h","http://lod.cedar-project.nl:8888/linked-edit-rules/resource/priwa1"
"http://lod.cedar-project.nl:8888/prices-wages/resource/gambia-wages-prices-welfare-ratio-S1-R76-h","http://lod.cedar-project.nl:8888/linked-edit-rules/resource/priwa1"
"http://lod.cedar-project.nl:8888/prices-wages/resource/gambia-wages-prices-welfare-ratio-S1-AB76-h","http://lod.cedar-project.nl:8888/linked-edit-rules/resource/priwa1"
"http://lod.cedar-project.nl:8888/prices-wages/resource/gambia-wages-prices-welfare-ratio-S1-R77-h","http://lod.cedar-project.nl:8888/linked-edit-rules/resource/priwa1"
"http://lod.cedar-project.nl:8888/prices-wages/resource/gambia-wages-prices-welfare-ratio-S1-R78-h","http://lod.cedar-project.nl:8888/linked-edit-rules/resource/priwa1"
"http://lod.cedar-project.nl:8888/prices-wages/resource/gambia-wages-prices-welfare-ratio-S1-R79-h","http://lod.cedar-project.nl:8888/linked-edit-rules/resource/priwa1"
"http://lod.cedar-project.nl:8888/prices-wages/resource/gambia-wages-prices-welfare-ratio-S1-R80-h","http://lod.cedar-project.nl:8888/linked-edit-rules/resource/priwa1"
"http://lod.cedar-project.nl:8888/prices-wages/resource/gambia-wages-prices-welfare-ratio-S1-R81-h","http://lod.cedar-project.nl:8888/linked-edit-rules/resource/priwa1"
"http://lod.cedar-project.nl:8888/prices-wages/resource/gambia-wages-prices-welfare-ratio-S1-R82-h","http://lod.cedar-project.nl:8888/linked-edit-rules/resource/priwa1"
"http://lod.cedar-project.nl:8888/prices-wages/resource/gambia-wages-prices-welfare-ratio-S1-R83-h","http://lod.cedar-project.nl:8888/linked-edit-rules/resource/priwa1"
"http://lod.cedar-project.nl:8888/prices-wages/resource/gambia-wages-prices-welfare-ratio-S1-R84-h","http://lod.cedar-project.nl:8888/linked-edit-rules/resource/priwa1"
"http://lod.cedar-project.nl:8888/prices-wages/resource/gambia-wages-prices-welfare-ratio-S1-R85-h","http://lod.cedar-project.nl:8888/linked-edit-rules/resource/priwa1"
"http://lod.cedar-project.nl:8888/prices-wages/resource/gambia-wages-prices-welfare-ratio-S1-Q85-h","http://lod.cedar-project.nl:8888/linked-edit-rules/resource/priwa1"
"http://lod.cedar-project.nl:8888/prices-wages/resource/gambia-wages-prices-welfare-ratio-S1-Q86-h","http://lod.cedar-project.nl:8888/linked-edit-rules/resource/priwa1"
"http://lod.cedar-project.nl:8888/prices-wages/resource/gambia-wages-prices-welfare-ratio-S1-R86-h","http://lod.cedar-project.nl:8888/linked-edit-rules/resource/priwa1"
"http://lod.cedar-project.nl:8888/prices-wages/resource/gambia-wages-prices-welfare-ratio-S1-R87-h","http://lod.cedar-project.nl:8888/linked-edit-rules/resource/priwa1"
"http://lod.cedar-project.nl:8888/prices-wages/resource/gambia-wages-prices-welfare-ratio-S1-AI87-h","http://lod.cedar-project.nl:8888/linked-edit-rules/resource/priwa1"
"http://lod.cedar-project.nl:8888/prices-wages/resource/gambia-wages-prices-welfare-ratio-S1-AH87-h","http://lod.cedar-project.nl:8888/linked-edit-rules/resource/priwa1"
"http://lod.cedar-project.nl:8888/prices-wages/resource/gambia-wages-prices-welfare-ratio-S1-Q87-h","http://lod.cedar-project.nl:8888/linked-edit-rules/resource/priwa1"
"http://lod.cedar-project.nl:8888/prices-wages/resource/gambia-wages-prices-welfare-ratio-S1-R88-h","http://lod.cedar-project.nl:8888/linked-edit-rules/resource/priwa1"
"http://lod.cedar-project.nl:8888/prices-wages/resource/gambia-wages-prices-welfare-ratio-S1-Q88-h","http://lod.cedar-project.nl:8888/linked-edit-rules/resource/priwa1"
"http://lod.cedar-project.nl:8888/prices-wages/resource/gambia-wages-prices-welfare-ratio-S1-Y15-h","http://lod.cedar-project.nl:8888/linked-edit-rules/resource/priwa1"
"http://lod.cedar-project.nl:8888/prices-wages/resource/gambia-wages-prices-welfare-ratio-S1-Y20-h","http://lod.cedar-project.nl:8888/linked-edit-rules/resource/priwa1"
"http://lod.cedar-project.nl:8888/prices-wages/resource/gambia-wages-prices-welfare-ratio-S1-Y21-h","http://lod.cedar-project.nl:8888/linked-edit-rules/resource/priwa1"
"http://lod.cedar-project.nl:8888/prices-wages/resource/gambia-wages-prices-welfare-ratio-S1-Z28-h","http://lod.cedar-project.nl:8888/linked-edit-rules/resource/priwa1"
"http://lod.cedar-project.nl:8888/prices-wages/resource/gambia-wages-prices-welfare-ratio-S1-Y36-h","http://lod.cedar-project.nl:8888/linked-edit-rules/resource/priwa1"
"http://lod.cedar-project.nl:8888/prices-wages/resource/gambia-wages-prices-welfare-ratio-S1-T4-h","http://lod.cedar-project.nl:8888/linked-edit-rules/resource/priwa1"
"http://lod.cedar-project.nl:8888/prices-wages/resource/gambia-wages-prices-welfare-ratio-S1-T44-h","http://lod.cedar-project.nl:8888/linked-edit-rules/resource/priwa1"
"http://lod.cedar-project.nl:8888/prices-wages/resource/gambia-wages-prices-welfare-ratio-S1-T46-h","http://lod.cedar-project.nl:8888/linked-edit-rules/resource/priwa1"
"http://lod.cedar-project.nl:8888/prices-wages/resource/gambia-wages-prices-welfare-ratio-S1-U46-h","http://lod.cedar-project.nl:8888/linked-edit-rules/resource/priwa1"
"http://lod.cedar-project.nl:8888/prices-wages/resource/gambia-wages-prices-welfare-ratio-S1-T47-h","http://lod.cedar-project.nl:8888/linked-edit-rules/resource/priwa1"
"http://lod.cedar-project.nl:8888/prices-wages/resource/gambia-wages-prices-welfare-ratio-S1-T48-h","http://lod.cedar-project.nl:8888/linked-edit-rules/resource/priwa1"
"http://lod.cedar-project.nl:8888/prices-wages/resource/gambia-wages-prices-welfare-ratio-S1-T49-h","http://lod.cedar-project.nl:8888/linked-edit-rules/resource/priwa1"
"http://lod.cedar-project.nl:8888/prices-wages/resource/gambia-wages-prices-welfare-ratio-S1-T5-h","http://lod.cedar-project.nl:8888/linked-edit-rules/resource/priwa1"
"http://lod.cedar-project.nl:8888/prices-wages/resource/gambia-wages-prices-welfare-ratio-S1-T50-h","http://lod.cedar-project.nl:8888/linked-edit-rules/resource/priwa1"
"http://lod.cedar-project.nl:8888/prices-wages/resource/gambia-wages-prices-welfare-ratio-S1-T51-h","http://lod.cedar-project.nl:8888/linked-edit-rules/resource/priwa1"
"http://lod.cedar-project.nl:8888/prices-wages/resource/gambia-wages-prices-welfare-ratio-S1-T52-h","http://lod.cedar-project.nl:8888/linked-edit-rules/resource/priwa1"
"http://lod.cedar-project.nl:8888/prices-wages/resource/gambia-wages-prices-welfare-ratio-S1-X52-h","http://lod.cedar-project.nl:8888/linked-edit-rules/resource/priwa1"
"http://lod.cedar-project.nl:8888/prices-wages/resource/gambia-wages-prices-welfare-ratio-S1-T53-h","http://lod.cedar-project.nl:8888/linked-edit-rules/resource/priwa1"
"http://lod.cedar-project.nl:8888/prices-wages/resource/gambia-wages-prices-welfare-ratio-S1-T6-h","http://lod.cedar-project.nl:8888/linked-edit-rules/resource/priwa1"
"http://lod.cedar-project.nl:8888/prices-wages/resource/gambia-wages-prices-welfare-ratio-S1-U60-h","http://lod.cedar-project.nl:8888/linked-edit-rules/resource/priwa1"
"http://lod.cedar-project.nl:8888/prices-wages/resource/gambia-wages-prices-welfare-ratio-S1-X62-h","http://lod.cedar-project.nl:8888/linked-edit-rules/resource/priwa1"
"http://lod.cedar-project.nl:8888/prices-wages/resource/gambia-wages-prices-welfare-ratio-S1-X66-h","http://lod.cedar-project.nl:8888/linked-edit-rules/resource/priwa1"
"http://lod.cedar-project.nl:8888/prices-wages/resource/gambia-wages-prices-welfare-ratio-S1-T66-h","http://lod.cedar-project.nl:8888/linked-edit-rules/resource/priwa1"
"http://lod.cedar-project.nl:8888/prices-wages/resource/gambia-wages-prices-welfare-ratio-S1-Y66-h","http://lod.cedar-project.nl:8888/linked-edit-rules/resource/priwa1"
"http://lod.cedar-project.nl:8888/prices-wages/resource/gambia-wages-prices-welfare-ratio-S1-T67-h","http://lod.cedar-project.nl:8888/linked-edit-rules/resource/priwa1"
"http://lod.cedar-project.nl:8888/prices-wages/resource/gambia-wages-prices-welfare-ratio-S1-T68-h","http://lod.cedar-project.nl:8888/linked-edit-rules/resource/priwa1"
"http://lod.cedar-project.nl:8888/prices-wages/resource/gambia-wages-prices-welfare-ratio-S1-T69-h","http://lod.cedar-project.nl:8888/linked-edit-rules/resource/priwa1"
"http://lod.cedar-project.nl:8888/prices-wages/resource/gambia-wages-prices-welfare-ratio-S1-Y69-h","http://lod.cedar-project.nl:8888/linked-edit-rules/resource/priwa1"
"http://lod.cedar-project.nl:8888/prices-wages/resource/gambia-wages-prices-welfare-ratio-S1-T7-h","http://lod.cedar-project.nl:8888/linked-edit-rules/resource/priwa1"
"http://lod.cedar-project.nl:8888/prices-wages/resource/gambia-wages-prices-welfare-ratio-S1-T74-h","http://lod.cedar-project.nl:8888/linked-edit-rules/resource/priwa1"
"http://lod.cedar-project.nl:8888/prices-wages/resource/gambia-wages-prices-welfare-ratio-S1-T75-h","http://lod.cedar-project.nl:8888/linked-edit-rules/resource/priwa1"
"http://lod.cedar-project.nl:8888/prices-wages/resource/Japan_1885-1926-S2-B15-h","http://lod.cedar-project.nl:8888/linked-edit-rules/resource/priwa1"
"http://lod.cedar-project.nl:8888/prices-wages/resource/Japan_1885-1926-S2-K20-h","http://lod.cedar-project.nl:8888/linked-edit-rules/resource/priwa1"
"http://lod.cedar-project.nl:8888/prices-wages/resource/Japan_1885-1926-S2-N28-h","http://lod.cedar-project.nl:8888/linked-edit-rules/resource/priwa1"
"http://lod.cedar-project.nl:8888/prices-wages/resource/Japan_1885-1926-S2-K48-h","http://lod.cedar-project.nl:8888/linked-edit-rules/resource/priwa1"
"http://lod.cedar-project.nl:8888/prices-wages/resource/Japan_1885-1926-S2-S23-h","http://lod.cedar-project.nl:8888/linked-edit-rules/resource/priwa1"
"http://lod.cedar-project.nl:8888/prices-wages/resource/Japan_1885-1926-S2-B32-h","http://lod.cedar-project.nl:8888/linked-edit-rules/resource/priwa1"
"http://lod.cedar-project.nl:8888/prices-wages/resource/Japan_1885-1926-S2-G34-h","http://lod.cedar-project.nl:8888/linked-edit-rules/resource/priwa1"
"http://lod.cedar-project.nl:8888/prices-wages/resource/Japan_1885-1926-S2-G40-h","http://lod.cedar-project.nl:8888/linked-edit-rules/resource/priwa1"
"http://lod.cedar-project.nl:8888/prices-wages/resource/Japan_1885-1926-S2-I20-h","http://lod.cedar-project.nl:8888/linked-edit-rules/resource/priwa1"
